{"data": [{"frame_index": 1, "skeleton": [{"pose": [149.975341796875, 434.4786376953125, 44.91331100463867, 518.6802978515625, 28.38852882385254, 415.11077880859375, -117.13069152832031, 340.9535217285156, -108.43391418457031, 304.17291259765625, 61.43809509277344, 622.2498168945312, -140.91473388671875, 659.84521484375, -233.8309783935547, 547.328369140625, -295.8161926269531, 545.8125, -545.425537109375, 473.15179443359375, -865.65478515625, 477.3282470703125, -271.08868408203125, 682.642578125, -419.7496032714844, 542.8802490234375, -699.26171875, 573.753662109375, 174.93060302734375, 426.41668701171875, 175.4350128173828, 466.67333984375, 164.15353393554688, 428.69207763671875, 163.34518432617188, 516.027587890625], "score": [0.9948563575744629, 0.9534715414047241, 0.973599910736084, 0.45271188020706177, 0.29201048612594604, 0.9333431124687195, 0.10969725996255875, 0.14633746445178986, 0.005921234842389822, 0.0011158622801303864, 0.00026993584469892085, 0.0019518694607540965, 0.0005592206143774092, 0.00036679228651337326, 0.9940137267112732, 0.9928983449935913, 0.9950297474861145, 0.9908977150917053]}]}, {"frame_index": 2, "skeleton": [{"pose": [154.43853759765625, 430.77935791015625, 37.06000518798828, 528.1109619140625, 28.622303009033203, 426.9998779296875, -73.16372680664062, 303.43115234375, 13.560562133789062, 204.28326416015625, 45.497703552246094, 629.2221069335938, -172.38424682617188, 599.9121704101562, -193.00794982910156, 440.2890625, -303.1661682128906, 536.1298828125, -524.558349609375, 431.4742431640625, -853.1802978515625, 397.8938293457031, -296.5312805175781, 677.470947265625, -419.1574401855469, 505.7820129394531, -713.8043212890625, 511.85150146484375, 182.49964904785156, 430.05828857421875, 182.7668914794922, 461.4220886230469, 167.57054138183594, 456.2174072265625, 165.66712951660156, 517.5750732421875], "score": [0.9923163652420044, 0.8698188662528992, 0.9567199945449829, 0.3790525794029236, 0.317263126373291, 0.7829177379608154, 0.04613705724477768, 0.12275800108909607, 0.0031879006419330835, 0.0013851078692823648, 0.00033904294832609594, 0.0007527432171627879, 0.0003565526276361197, 0.0003036191046703607, 0.9902760982513428, 0.9871067404747009, 0.9916747212409973, 0.9811702370643616]}]}, {"frame_index": 3, "skeleton": [{"pose": [148.81985473632812, 429.5943603515625, 35.624839782714844, 517.8466796875, 30.77676773071289, 420.5184326171875, -130.89828491210938, 350.68646240234375, -193.40841674804688, 318.8504333496094, 40.47291564941406, 615.1749267578125, -216.1619873046875, 627.0178833007812, -312.2414855957031, 516.9115600585938, -311.3741760253906, 508.9556884765625, -557.023681640625, 396.52105712890625, -884.9020385742188, 357.6232604980469, -309.99334716796875, 659.661376953125, -497.8763427734375, 505.72479248046875, -802.1046142578125, 483.0076599121094, 180.37936401367188, 426.8734436035156, 180.26055908203125, 461.23138427734375, 167.60113525390625, 436.4707946777344, 163.7880401611328, 519.492431640625], "score": [0.9967966675758362, 0.973936915397644, 0.9831525087356567, 0.27133476734161377, 0.11275772005319595, 0.9647213220596313, 0.050312139093875885, 0.06347128003835678, 0.0010257272515445948, 0.0003354906802996993, 0.0001660463894950226, 0.00034832488745450974, 0.0001912074803840369, 0.00016638032684568316, 0.9950675964355469, 0.9955360889434814, 0.9953122138977051, 0.9943789839744568]}]}, {"frame_index": 4, "skeleton": [{"pose": [152.22914123535156, 432.223876953125, 31.28382682800293, 515.066650390625, 28.637866973876953, 415.51959228515625, -134.17678833007812, 338.68109130859375, -202.74822998046875, 303.11151123046875, 33.929786682128906, 614.6137084960938, -220.42523193359375, 628.4229125976562, -326.1946105957031, 527.6321411132812, -322.3018798828125, 489.7927551269531, -604.3992309570312, 403.205322265625, -903.611083984375, 362.10345458984375, -319.79638671875, 642.2675170898438, -542.5792846679688, 517.63818359375, -828.2996826171875, 493.34051513671875, 179.28302001953125, 429.9127197265625, 178.29202270507812, 465.8610534667969, 166.0196990966797, 436.8489074707031, 160.44639587402344, 521.199951171875], "score": [0.9972969889640808, 0.9879907369613647, 0.9906805157661438, 0.28847670555114746, 0.11044011265039444, 0.9853009581565857, 0.05832686647772789, 0.05909963697195053, 0.001497588469646871, 0.00038238175329752266, 0.00028414250118657947, 0.000617805402725935, 0.00023422535741701722, 0.0002995172399096191, 0.9960017800331116, 0.9963762164115906, 0.9964287877082825, 0.9959613680839539]}]}, {"frame_index": 5, "skeleton": [{"pose": [157.23306274414062, 428.6363220214844, 38.74683380126953, 516.2864990234375, 35.92987060546875, 409.06707763671875, -118.83235931396484, 329.3351745605469, -169.57644653320312, 276.9495849609375, 41.56379699707031, 623.5059814453125, -201.15753173828125, 634.6099853515625, -324.7802734375, 529.3622436523438, -333.5421447753906, 477.4981994628906, -585.0823974609375, 394.5357666015625, -880.770751953125, 373.4747619628906, -335.9639587402344, 627.2081298828125, -533.946533203125, 508.4438781738281, -808.2275390625, 511.0687561035156, 183.50437927246094, 426.2359313964844, 181.75120544433594, 461.47320556640625, 170.51161193847656, 442.46893310546875, 162.92947387695312, 517.8991088867188], "score": [0.997696578502655, 0.9863361120223999, 0.9872201681137085, 0.29941388964653015, 0.10012862831354141, 0.9854519963264465, 0.0603705532848835, 0.061579637229442596, 0.002936633536592126, 0.0006407980690710247, 0.0002801086811814457, 0.0013837149599567056, 0.0002956635144073516, 0.00025534583255648613, 0.996359646320343, 0.9970881342887878, 0.9966577291488647, 0.9970780611038208]}]}, {"frame_index": 6, "skeleton": [{"pose": [149.6990203857422, 426.7251281738281, 41.803165435791016, 517.555908203125, 42.438812255859375, 429.99517822265625, -45.54522705078125, 317.831787109375, 19.52190399169922, 176.50387573242188, 41.167518615722656, 605.11669921875, -171.80548095703125, 581.2958984375, -216.68161010742188, 451.878173828125, -316.5293884277344, 479.10662841796875, -552.403564453125, 395.3725891113281, -830.2244873046875, 384.5257568359375, -335.5887145996094, 605.5756225585938, -551.739990234375, 500.0405578613281, -816.4144287109375, 508.196533203125, 178.65512084960938, 422.9715576171875, 176.98353576660156, 458.40338134765625, 167.84176635742188, 440.7865905761719, 158.65480041503906, 512.1380615234375], "score": [0.9978649020195007, 0.9523423910140991, 0.9728866219520569, 0.5951796770095825, 0.38454028964042664, 0.9317981600761414, 0.084610715508461, 0.1339246779680252, 0.006576505955308676, 0.0019060003105551004, 0.0002851553144864738, 0.0028267402667552233, 0.0007350273081101477, 0.0001286892656935379, 0.9963085055351257, 0.996755063533783, 0.9961491823196411, 0.9955612421035767]}]}, {"frame_index": 7, "skeleton": [{"pose": [153.43289184570312, 425.7021789550781, 34.251853942871094, 515.991455078125, 41.998558044433594, 432.3158264160156, -96.71135711669922, 351.5824890136719, -43.95878601074219, 242.70465087890625, 26.505146026611328, 599.6671142578125, -180.55482482910156, 512.6741333007812, -45.269996643066406, 354.74676513671875, -342.0781555175781, 468.9964294433594, -599.8201904296875, 390.52642822265625, -877.1427612304688, 384.7468566894531, -354.8299560546875, 597.903564453125, -572.4838256835938, 465.50262451171875, -845.7518310546875, 471.6042785644531, 183.09951782226562, 424.3847961425781, 176.45050048828125, 459.36627197265625, 170.4617462158203, 442.75238037109375, 158.5269317626953, 516.135986328125], "score": [0.9979270696640015, 0.9517776966094971, 0.9731698036193848, 0.37492552399635315, 0.23980101943016052, 0.9303856492042542, 0.10479139536619186, 0.4192483723163605, 0.0063513051718473434, 0.0009595996816642582, 0.0002606094931252301, 0.002574521815404296, 0.00057501025730744, 0.00018302141688764095, 0.9968234300613403, 0.9972298741340637, 0.9964518547058105, 0.995868980884552]}]}, {"frame_index": 8,